-- ==========================================================
-- 悦享生活 - 初始化数据
-- 数据库: yuexiang
-- 说明: 系统启动所需的基础配置和测试数据
-- ==========================================================

USE `yuexiang`;


-- ═══════════════════════════════════════════════════════════
-- 1. 会员等级配置
-- ═══════════════════════════════════════════════════════════
INSERT INTO `tb_member_level` (`level`, `name`, `icon`, `min_points`, `discount`, `privileges`) VALUES
(1,  '普通会员',   '/imgs/level/level1.png',   0,      1.00, '基础功能'),
(2,  '青铜会员',   '/imgs/level/level2.png',   100,    0.98, '基础折扣98折'),
(3,  '白银会员',   '/imgs/level/level3.png',   500,    0.95, '折扣95折,专属客服'),
(4,  '黄金会员',   '/imgs/level/level4.png',   1000,   0.92, '折扣92折,专属客服,优先体验'),
(5,  '铂金会员',   '/imgs/level/level5.png',   3000,   0.90, '折扣9折,专属客服,优先体验,生日礼包'),
(6,  '钻石会员',   '/imgs/level/level6.png',   5000,   0.88, '折扣88折,全部权益,年度礼包'),
(7,  '星耀会员',   '/imgs/level/level7.png',   10000,  0.85, '折扣85折,全部权益,专属活动'),
(8,  '王者会员',   '/imgs/level/level8.png',   20000,  0.82, '折扣82折,全部权益,线下活动邀请'),
(9,  '荣耀会员',   '/imgs/level/level9.png',   50000,  0.80, '折扣8折,全部权益,专属顾问'),
(10, '至尊会员',   '/imgs/level/level10.png',  100000, 0.75, '折扣75折,全部权益,定制服务');


-- ═══════════════════════════════════════════════════════════
-- 2. 商户类型
-- ═══════════════════════════════════════════════════════════
INSERT INTO `tb_shop_type` (`id`, `name`, `icon`, `sort`) VALUES
(1,  '美食',       '/imgs/type/food.png',       1),
(2,  '茶饮甜点',   '/imgs/type/drink.png',      2),
(3,  '休闲娱乐',   '/imgs/type/entertainment.png', 3),
(4,  '丽人',       '/imgs/type/beauty.png',     4),
(5,  '运动健身',   '/imgs/type/sports.png',     5),
(6,  '亲子',       '/imgs/type/parent.png',     6),
(7,  '酒店民宿',   '/imgs/type/hotel.png',      7),
(8,  '生活服务',   '/imgs/type/life.png',       8),
(9,  '购物',       '/imgs/type/shopping.png',   9),
(10, '景点/门票',  '/imgs/type/scenic.png',     10);


-- ═══════════════════════════════════════════════════════════
-- 3. 标签
-- ═══════════════════════════════════════════════════════════
INSERT INTO `tb_tag` (`id`, `name`, `type`, `sort`, `hot`) VALUES
(1,  '网红打卡',     0, 1, 100),
(2,  '人均50以下',   0, 2, 80),
(3,  '适合约会',     0, 3, 60),
(4,  '亲子友好',     0, 4, 50),
(5,  '环境优雅',     0, 5, 70),
(6,  '性价比之王',   0, 6, 90),
(7,  '深夜食堂',     0, 7, 40),
(8,  '排队王',       0, 8, 85),
(9,  '新店开业',     0, 9, 60),
(10, '老字号',       0, 10, 50),
(11, '#周末去哪儿',  1, 1, 120),
(12, '#探店日记',    1, 2, 90),
(13, '#美食推荐',    1, 3, 110),
(14, '#拍照圣地',    1, 4, 70),
(15, '#性价比好物',  1, 5, 60);


-- ═══════════════════════════════════════════════════════════
-- 4. 签到里程碑奖励规则
-- ═══════════════════════════════════════════════════════════
INSERT INTO `tb_sign_reward_rule` (`required_days`, `reward_type`, `reward_name`, `reward_icon`, `reward_value`, `bonus_points`, `description`, `sort`, `status`) VALUES
(3,  3, '积分奖励',    '/imgs/reward/points.png',  20,  0,  '连续签到3天，获得20积分奖励',          1, 1),
(7,  3, '积分大奖',    '/imgs/reward/points.png',  50,  30, '连续签到7天，获得50积分+额外30积分',   2, 1),
(15, 2, '20元代金券',  '/imgs/reward/voucher20.png', 2000, 50, '连续签到15天，获得20元代金券+50积分', 3, 1),
(30, 2, '50元代金券',  '/imgs/reward/voucher50.png', 5000, 150, '连续签到30天，获得50元代金券+150积分', 4, 1);


-- ═══════════════════════════════════════════════════════════
-- 5. 系统配置
-- ═══════════════════════════════════════════════════════════
INSERT INTO `tb_sys_config` (`config_key`, `config_value`, `config_type`, `group_name`, `description`, `editable`) VALUES
('sign.daily_points_rules', '[{"minDays":1,"maxDays":2,"points":10,"desc":"签到第1-2天，每天+10积分"},{"minDays":3,"maxDays":4,"points":15,"desc":"连续3-4天，每天+15积分"},{"minDays":5,"maxDays":6,"points":20,"desc":"连续5-6天，每天+20积分"},{"minDays":7,"maxDays":999,"points":50,"desc":"连续7天及以上，每天+50积分"}]', 'JSON', 'sign', '每日签到积分规则', 1),
('sign.repair.cost_points', '50',  'INT', 'sign', '单次补签消耗积分', 1),
('sign.repair.max_per_month', '3', 'INT', 'sign', '每月补签次数上限', 1),
('sign.repair.window_days', '7',   'INT', 'sign', '可补签时间窗口(天)', 1),
('account.max_err_l1', '3',         'INT', 'account', '一级错误次数上限', 0),
('account.max_err_l2', '5',         'INT', 'account', '二级错误次数上限', 0),
('account.max_err_l3', '10',        'INT', 'account', '三级错误次数上限', 0),
('account.lock_minutes_l1', '120',  'INT', 'account', '一级锁定时长(分钟)', 0),
('account.lock_minutes_l2', '1440', 'INT', 'account', '二级锁定时长(分钟)', 0),
('account.cooling_days', '7',       'INT', 'account', '账号注销冷静期(天)', 0);


-- ═══════════════════════════════════════════════════════════
-- 6. 地区字典 (部分示例数据)
-- ═══════════════════════════════════════════════════════════
INSERT INTO `tb_region` (`id`, `name`, `parent_id`, `level`, `sort`) VALUES
-- 省级
(110000, '北京市',       0, 1, 1),
(310000, '上海市',       0, 2, 2),
(440000, '广东省',       0, 3, 3),
(330000, '浙江省',       0, 4, 4),
(510000, '四川省',       0, 5, 5),
-- 市级
(110100, '北京市',       110000, 2, 1),
(310100, '上海市',       310000, 2, 1),
(440100, '广州市',       440000, 2, 1),
(440300, '深圳市',       440000, 2, 2),
(330100, '杭州市',       330000, 2, 1),
(330200, '宁波市',       330000, 2, 2),
(510100, '成都市',       510000, 2, 1),
-- 区级
(110101, '东城区',       110100, 3, 1),
(110102, '西城区',       110100, 3, 2),
(110105, '朝阳区',       110100, 3, 3),
(110106, '丰台区',       110100, 3, 4),
(110107, '石景山区',     110100, 3, 5),
(110108, '海淀区',       110100, 3, 6),
(310101, '黄浦区',       310100, 3, 1),
(310104, '徐汇区',       310100, 3, 2),
(310105, '长宁区',       310100, 3, 3),
(310106, '静安区',       310100, 3, 4),
(310107, '普陀区',       310100, 3, 5),
(440103, '荔湾区',       440100, 3, 1),
(440104, '越秀区',       440100, 3, 2),
(440105, '海珠区',       440100, 3, 3),
(440106, '天河区',       440100, 3, 4),
(440303, '罗湖区',       440300, 3, 1),
(440304, '福田区',       440300, 3, 2),
(440305, '南山区',       440300, 3, 3),
(330102, '上城区',       330100, 3, 1),
(330103, '下城区',       330100, 3, 2),
(330104, '江干区',       330100, 3, 3),
(330105, '拱墅区',       330100, 3, 4),
(330106, '西湖区',       330100, 3, 5),
(510104, '锦江区',       510100, 3, 1),
(510105, '青羊区',       510100, 3, 2),
(510106, '金牛区',       510100, 3, 3),
(510107, '武侯区',       510100, 3, 4);


-- ═══════════════════════════════════════════════════════════
-- 7. 轮播图 Banner
-- ═══════════════════════════════════════════════════════════
INSERT INTO `tb_banner` (`id`, `title`, `image`, `link_type`, `link_value`, `position`, `sort`, `status`, `begin_time`, `end_time`) VALUES
(1, '新人专享大礼包',     '/imgs/banner/new_user.png',     3, '1',  'home', 1, 1, '2026-01-01 00:00:00', '2026-12-31 23:59:59'),
(2, '周末探店特惠',       '/imgs/banner/weekend.png',      1, '1',  'home', 2, 1, '2026-01-01 00:00:00', '2026-12-31 23:59:59'),
(3, '限时秒杀进行中',     '/imgs/banner/seckill.png',      4, '1',  'home', 3, 1, '2026-01-01 00:00:00', '2026-12-31 23:59:59'),
(4, '春季美食节',         '/imgs/banner/food_festival.png', 1, '2',  'home', 4, 1, '2026-03-01 00:00:00', '2026-05-31 23:59:59');


-- ═══════════════════════════════════════════════════════════
-- 8. 测试用户
-- ═══════════════════════════════════════════════════════════
-- 密码: 123456 (BCrypt)
INSERT INTO `tb_user` (`id`, `phone`, `password`, `nick_name`, `avatar`, `status`) VALUES
(1, '+8619565998095', '$2a$10$N9qo8uLOickgx2ZMRZoMy.Mrq7M7F7nLQDn5YI.V5F7nLQDn5YI.V', '测试用户', 'https://api.iconify.design/mdi:account-circle.svg', 0);

INSERT INTO `tb_user_info` (`user_id`, `points`, `level`, `fans_count`, `follow_count`, `like_count`, `gender`) VALUES
(1, 0, 1, 0, 0, 0, 0);

INSERT INTO `tb_user_wallet` (`user_id`, `balance`, `frozen_balance`, `total_recharge`, `total_consume`, `version`) VALUES
(1, 0, 0, 0, 0, 1);


-- ═══════════════════════════════════════════════════════════
-- 9. 测试商户
-- ═══════════════════════════════════════════════════════════
INSERT INTO `tb_shop` (`id`, `name`, `type_id`, `images`, `area`, `address`, `longitude`, `latitude`, `avg_price`, `sales_count`, `comment_count`, `score`, `review_count`, `open_hours`, `phone`) VALUES
(1, '星巴克(朝阳大悦城店)', 2, '["https://picsum.photos/800/600?random=1","https://picsum.photos/800/600?random=2"]', '朝阳', '北京市朝阳区朝阳北路101号朝阳大悦城1层', 116.513772, 39.924064, 3800, 1256, 328, 4.5, 328, '{"open":"08:00","close":"22:00"}', '010-85551234'),
(2, '海底捞火锅(西单店)',   1, '["https://picsum.photos/800/600?random=3","https://picsum.photos/800/600?random=4"]', '西城', '北京市西城区西单北大街110号', 116.377083, 39.910159, 12000, 3567, 892, 4.7, 892, '{"open":"10:00","close":"02:00"}', '010-66001234'),
(3, '奈雪的茶(三里屯店)',   2, '["https://picsum.photos/800/600?random=5","https://picsum.photos/800/600?random=6"]', '朝阳', '北京市朝阳区三里屯路19号院', 116.450700, 39.934600, 3500, 2100, 456, 4.3, 456, '{"open":"07:00","close":"22:00"}', '010-64181234'),
(4, '万达影城(CBD店)',      3, '["https://picsum.photos/800/600?random=7","https://picsum.photos/800/600?random=8"]', '朝阳', '北京市朝阳区建国路93号院万达广场', 116.473611, 39.909722, 6000, 5678, 1234, 4.6, 1234, '{"open":"09:00","close":"24:00"}', '010-85891234'),
(5, '西贝莜面村(国贸店)',   1, '["https://picsum.photos/800/600?random=9","https://picsum.photos/800/600?random=10"]', '朝阳', '北京市朝阳区建国门外大街1号国贸商城', 116.460278, 39.909167, 9000, 4321, 987, 4.4, 987, '{"open":"10:00","close":"21:30"}', '010-65051234'),
(6, '乐刻健身(望京店)',     5, '["https://picsum.photos/800/600?random=11","https://picsum.photos/800/600?random=12"]', '朝阳', '北京市朝阳区望京SOHO T3', 116.486111, 39.995556, 30000, 890, 234, 4.2, 234, '{"open":"00:00","close":"24:00"}', '010-84701234'),
(7, '喜茶(王府井店)',       2, '["https://picsum.photos/800/600?random=13","https://picsum.photos/800/600?random=14"]', '东城', '北京市东城区王府井大街287号', 116.410000, 39.915000, 3000, 6789, 1567, 4.5, 1567, '{"open":"09:00","close":"21:00"}', '010-65261234'),
(8, '太二酸菜鱼(合生汇店)', 1, '["https://picsum.photos/800/600?random=15","https://picsum.photos/800/600?random=16"]', '朝阳', '北京市朝阳区西大望路21号合生汇B1层', 116.485000, 39.893333, 8500, 3456, 789, 4.6, 789, '{"open":"11:00","close":"21:00"}', '010-87781234');


-- ═══════════════════════════════════════════════════════════
-- 10. 商户标签关联
-- ═══════════════════════════════════════════════════════════
INSERT INTO `tb_tag_relation` (`tag_id`, `biz_type`, `biz_id`) VALUES
(1, 1, 1), (2, 1, 1), (5, 1, 1),
(3, 1, 2), (6, 1, 2), (8, 1, 2),
(1, 1, 3), (2, 1, 3), (9, 1, 3),
(6, 1, 4), (8, 1, 4),
(3, 1, 5), (5, 1, 5), (10, 1, 5),
(2, 1, 6), (6, 1, 6),
(1, 1, 7), (8, 1, 7), (9, 1, 7),
(3, 1, 8), (6, 1, 8), (8, 1, 8);


-- ═══════════════════════════════════════════════════════════
-- 11. 测试优惠券
-- ═══════════════════════════════════════════════════════════
INSERT INTO `tb_voucher` (`id`, `shop_id`, `title`, `sub_title`, `rules`, `pay_value`, `actual_value`, `type`, `status`, `valid_begin_time`, `valid_end_time`) VALUES
(1, 1, '星巴克全场饮品立减券', '指定饮品可用', '仅限堂食，不可与其他优惠同享', 1500, 2000, 0, 0, '2026-01-01 00:00:00', '2026-12-31 23:59:59'),
(2, 2, '海底捞100元代金券', '全品类通用', '周末通用，节假日除外', 8500, 10000, 0, 0, '2026-01-01 00:00:00', '2026-12-31 23:59:59'),
(3, 3, '奈雪的茶买一送一券', '指定饮品', '限工作日使用', 2500, 3500, 0, 0, '2026-01-01 00:00:00', '2026-12-31 23:59:59'),
(4, 4, '万达影城双人观影券', '含2张电影票+爆米花套餐', '有效期30天', 5900, 8000, 0, 0, '2026-01-01 00:00:00', '2026-12-31 23:59:59'),
(5, 5, '西贝莜面村50元无门槛券', '全品类通用', '可叠加会员折扣', 4000, 5000, 0, 0, '2026-01-01 00:00:00', '2026-12-31 23:59:59'),
(6, 7, '喜茶新品尝鲜券', '指定新品饮品', '每人限购1张', 1200, 1800, 0, 0, '2026-01-01 00:00:00', '2026-12-31 23:59:59');


-- ═══════════════════════════════════════════════════════════
-- 12. 秒杀场次
-- ═══════════════════════════════════════════════════════════
INSERT INTO `tb_seckill_session` (`id`, `title`, `date`, `begin_time`, `end_time`, `status`) VALUES
(1, '10:00 早场秒杀',  '2026-04-03', '2026-04-03 10:00:00', '2026-04-03 11:00:00', 1),
(2, '14:00 午后秒杀',  '2026-04-03', '2026-04-03 14:00:00', '2026-04-03 15:00:00', 1),
(3, '20:00 晚间秒杀',  '2026-04-03', '2026-04-03 20:00:00', '2026-04-03 21:00:00', 1);


-- ═══════════════════════════════════════════════════════════
-- 13. 秒杀优惠券
-- ═══════════════════════════════════════════════════════════
INSERT INTO `tb_seckill_voucher` (`voucher_id`, `session_id`, `total_stock`, `stock`, `begin_time`, `end_time`) VALUES
(1, 1, 50,  50,  '2026-04-03 10:00:00', '2026-04-03 11:00:00'),
(2, 2, 30,  30,  '2026-04-03 14:00:00', '2026-04-03 15:00:00'),
(3, 3, 100, 100, '2026-04-03 20:00:00', '2026-04-03 21:00:00');


-- ═══════════════════════════════════════════════════════════
-- 14. 测试探店笔记
-- ═══════════════════════════════════════════════════════════
INSERT INTO `tb_blog` (`id`, `shop_id`, `user_id`, `title`, `images`, `content`, `location`, `like_count`, `comment_count`, `favorite_count`, `status`) VALUES
(1, 1, 1, '朝阳大悦城的星巴克新品真的绝了！', '["https://picsum.photos/800/600?random=20","https://picsum.photos/800/600?random=21"]', '今天去打卡了星巴克春季新品，樱花拿铁真的太好喝了！环境也很棒，适合和朋友小聚聊天～', '朝阳大悦城', 56, 12, 23, 1),
(2, 2, 1, '海底捞服务真的没话说', '["https://picsum.photos/800/600?random=22","https://picsum.photos/800/600?random=23"]', '过生日来海底捞真的是最正确的选择！服务员小哥小姐姐们太热情了，番茄锅YYDS！', '西单', 128, 34, 67, 1),
(3, 3, 1, '奈雪新品霸气芝士草莓', '["https://picsum.photos/800/600?random=24"]', '三里屯这家奈雪环境超好，新品霸气芝士草莓颜值和口感都在线！推荐！', '三里屯', 89, 21, 45, 1);


-- ═══════════════════════════════════════════════════════════
-- 15. 热搜词
-- ═══════════════════════════════════════════════════════════
INSERT INTO `tb_hot_search` (`keyword`, `search_count`, `is_manual`, `sort`, `status`) VALUES
('海底捞', 15678, 0, 100, 1),
('星巴克', 12345, 0, 90,  1),
('周末探店', 9876, 1, 80,  1),
('奶茶推荐', 8765, 0, 70,  1),
('美食打卡', 7654, 0, 60,  1),
('网红餐厅', 6543, 1, 50,  1),
('人均50', 5432, 0, 40,   1),
('约会餐厅', 4321, 0, 30,  1);


-- ═══════════════════════════════════════════════════════════
-- 16. 敏感词 (示例)
-- ═══════════════════════════════════════════════════════════
INSERT INTO `tb_sensitive_word` (`word`, `category`, `level`, `replace_to`, `status`) VALUES
('广告',  3, 2, '**', 1),
('刷单',  3, 3, '',   1),
('兼职',  3, 2, '**', 1);
